model,method,budget,seed,mean_ret
llama,uniform,4480000,0,0.9295373101793633
llama,uniform,4480000,1,0.9100186452112901
llama,uniform,4480000,2,1.0199051705385263
qwen,rah_sum,250000,0,0.5242356438664207
qwen,rah_sum,4000000,0,0.6604623655262635
qwen,uniform,250000,0,0.5461990343845895
qwen,uniform,4000000,0,0.6570200908345759
qwen,uniform,4480000,0,0.6609971651556397
qwen,uniform,4480000,1,0.6572463080398828
qwen,uniform,4480000,2,0.6407841094717353
smollm,uniform,4480000,0,0.7706662552259668
smollm,uniform,4480000,1,0.8071586345050915
smollm,uniform,4480000,2,0.794169478175744
olmo,uniform,4480000,0,0.8032374476391945
olmo,uniform,4480000,1,0.7739872264958927
olmo,uniform,4480000,2,0.7776838074156264
