model,method,seeds,capped_mean,worst,capped_mean_seed_sd,fmt,tool,inst,math,safe,know,over_refusal,harmful_refusal,d_capped_vs_cm,d_capped_lo,d_capped_hi,p_capped,d_worst_vs_cm,d_worst_lo,d_worst_hi,p_worst
llama,uniform@4480k,3,0.8626777051204151,0.575438596491228,0.004136617637780616,1.3263888888888888,0.8971962616822429,0.7034313725490196,0.575438596491228,1.0618279569892473,1.1546391752577319,0.08333333333333333,0.4000000000000001,,,,,,,,
llama,rah_capped@1M,3,0.8425413680802704,0.5473684210526316,,,,,,,,,,-0.020136337040144725,-0.04902078531035302,0.006426569849123365,0.125,-0.028070175438596467,-0.1228947368421053,0.07026315789473647,0.603
llama,rah_sum@1M,3,0.8529019945410529,0.5438596491228069,,,,,,,,,,-0.009775710579362218,-0.035753579018096726,0.01683207569386172,0.482,-0.03157894736842115,-0.12631578947368421,0.07017543859649134,0.568
llama,damage_prop@1M,3,0.8315803538992249,0.4280701754385964,,,,,,,,,,-0.031097351221190173,-0.052942921573449986,-0.007988932210037695,0.007,-0.1473684210526317,-0.2385964912280702,-0.052631578947368474,0.006
llama,uniform@1M,3,0.8218463570048448,0.3754385964912281,,,,,,,,,,-0.04083134811557032,-0.06229299871762509,-0.0187686596404426,0.0,-0.19999999999999996,-0.29122807017543856,-0.1157017543859653,0.0
qwen,uniform@4480k,3,0.6530091942224191,0.2920962199312715,0.010752058181890605,0.7549857549857549,0.616279069767442,0.5884057971014491,0.2920962199312715,0.9977168949771689,0.6685714285714286,0.52,0.9766666666666666,,,,,,,,
qwen,rah_sum@1M,3,0.6366448175468346,0.18556701030927836,,,,,,,,,,-0.016364376675584547,-0.04265297907293601,0.011954285070445238,0.251,-0.10652920962199308,-0.17525773195876287,-0.04458762886597978,0.001
qwen,damage_prop@1M,3,0.6128623047871378,0.1924398625429553,,,,,,,,,,-0.04014688943528133,-0.06209508413361726,-0.012264887000139963,0.004,-0.09965635738831613,-0.16494845360824745,-0.030927835051546393,0.007
qwen,uniform@1M,3,0.6163806570167392,0.21305841924398622,,,,,,,,,,-0.036628537205679934,-0.06008929001467517,-0.009944332610616159,0.002,-0.07903780068728522,-0.15120274914089338,-0.013745704467353903,0.025
smollm,uniform@4480k,3,0.7906647893022675,0.34199134199134196,0.018496907023547914,0.949685534591195,0.7729468599033817,0.7711442786069652,0.34199134199134196,0.9707207207207207,0.9375,0.22999999999999998,0.6666666666666666,,,,,,,,
smollm,rah_capped@1M,3,0.7765172436826089,0.09523809523809523,,,,,,,,,,-0.014147545619658586,-0.04691389066973657,0.01711347253463248,0.366,-0.24675324675324672,-0.34632034632034625,-0.1515151515151515,0.0
smollm,rah_sum@1M,3,0.7715435747542919,0.09956709956709955,,,,,,,,,,-0.01912121454797555,-0.0481039967776256,0.01370587469734961,0.259,-0.2424242424242424,-0.34632034632034636,-0.1515151515151515,0.0
smollm,damage_prop@1M,3,0.7632129639225581,0.14285714285714285,,,,,,,,,,-0.02745182537970936,-0.05842348713652793,0.005109783352366949,0.079,-0.1991341991341991,-0.2900432900432901,-0.11255411255411255,0.0
smollm,uniform@1M,3,0.7730349582253956,0.14718614718614717,,,,,,,,,,-0.017629831076871882,-0.049053104440368825,0.014317593199184358,0.251,-0.1948051948051948,-0.29004329004328994,-0.10389610389610388,0.0
olmo,uniform@4480k,3,0.7849694938502378,0.3655913978494624,0.01592811286218885,0.8592592592592591,0.978395061728395,0.7318435754189944,0.3655913978494624,0.9784313725490197,0.7962962962962964,0.16,0.8233333333333334,,,,,,,,
olmo,rah_capped@1M,3,0.7635429283678925,0.3548387096774194,,,,,,,,,,-0.02142656548234534,-0.04903944933889091,0.006289022762546214,0.125,-0.010752688172043001,-0.05913978494623656,0.037634408602150504,0.748
olmo,rah_sum@1M,3,0.7515130806421294,0.2876344086021505,,,,,,,,,,-0.03345641320810844,-0.06185011704333991,-0.003721255787711864,0.03,-0.07795698924731187,-0.12634408602150538,-0.02956989247311831,0.0
olmo,damage_prop@1M,3,0.7715757469631158,0.31451612903225806,,,,,,,,,,-0.013393746887122027,-0.04249219255737015,0.014268486787175702,0.357,-0.05107526881720431,-0.10215053763440862,6.720430107490064e-05,0.056
olmo,uniform@1M,3,0.7385523261675355,0.2123655913978495,,,,,,,,,,-0.04641716768270232,-0.07773844770816482,-0.016462649864748997,0.004,-0.15322580645161288,-0.2204301075268817,-0.08864247311827991,0.0
