model,method,seeds,fmt,fmt_lo,fmt_hi,tool,tool_lo,tool_hi,inst,inst_lo,inst_hi,math,math_lo,math_hi,safe,safe_lo,safe_hi,know,know_lo,know_hi,mean_ret_capped,mean_ret,worst_ret,safe_over_refusal,know_ece
llama,rah_sum,3,1.4930555555555554,1.2776041666666667,1.7222222222222219,0.8161993769470405,0.7009345794392523,0.9346573208722736,0.7573529411764705,0.6593137254901961,0.8578431372549019,0.5438596491228069,0.43859649122807026,0.6491228070175439,1.2688172043010753,1.185483870967742,1.346774193548387,1.0927835051546393,0.9450171821305842,1.254295532646048,0.8529019945410529,0.9953447053762646,0.5438596491228069,0.09000000000000001,0.2569296674264802
llama,rah_capped,3,1.1319444444444442,0.9236111111111109,1.3541666666666667,0.7725856697819314,0.6604361370716509,0.8909657320872273,0.7352941176470588,0.6348039215686275,0.8358455882352936,0.5473684210526316,0.44561403508771924,0.6596491228070175,1.2768817204301073,1.1962365591397848,1.3548387096774193,1.1099656357388317,0.9450171821305842,1.2852233676975944,0.8425413680802704,0.929006668182501,0.5473684210526316,0.09000000000000001,0.2659128047029177
llama,last_k_uniform,1,1.6875,1.4375,1.9375,0.8504672897196262,0.719626168224299,0.9813084112149533,0.6617647058823529,0.5514705882352942,0.7720588235294118,0.49473684210526314,0.3684210526315789,0.6210526315789474,1.306451612903226,1.217741935483871,1.3951612903225807,1.020618556701031,0.8556701030927836,1.1855670103092786,0.8344948062845403,1.0035898345519165,0.49473684210526314,0.16,0.27568051944176347
llama,rah_no_transfer,1,1.5208333333333335,1.2911458333333334,1.7916666666666667,0.9158878504672896,0.794392523364486,1.046728971962617,0.6397058823529411,0.5294117647058824,0.7500000000000001,0.5368421052631579,0.41052631578947374,0.6631578947368422,1.3870967741935483,1.306451612903226,1.4598790322580635,0.9072164948453609,0.7422680412371134,1.0721649484536084,0.8332753888214582,0.9845970734092719,0.5368421052631579,0.09,0.34583534777164465
llama,damage_prop,3,2.020833333333333,1.8055555555555554,2.229166666666667,0.8971962616822429,0.7787383177570092,1.0155763239875388,0.6642156862745098,0.5661764705882352,0.7622549019607843,0.4280701754385965,0.3333333333333333,0.5263157894736842,1.3360215053763442,1.2553763440860215,1.4086021505376343,1.0859106529209623,0.9518900343642612,1.2336769759450172,0.8315803538992249,1.072041269170998,0.4280701754385965,0.15,0.1941221015320884
llama,rah_hyp,1,1.7083333333333333,1.4583333333333333,1.9583333333333335,0.7663551401869158,0.6542056074766355,0.8971962616822429,0.5588235294117648,0.4485294117647059,0.6691176470588236,0.6631578947368422,0.5263157894736842,0.8,1.0564516129032258,0.9516129032258064,1.161290322580645,1.041237113402062,0.8762886597938145,1.2164948453608249,0.8313894273892538,0.9657264373290241,0.5588235294117648,0.12,0.2946671502788862
llama,rah_no_scope,1,1.7916666666666667,1.5416666666666667,2.0416666666666665,0.8785046728971961,0.7476635514018691,1.0,0.5882352941176471,0.47794117647058826,0.6985294117647058,0.5157894736842106,0.4,0.6421052631578947,1.306451612903226,1.217741935483871,1.3870967741935483,1.0721649484536084,0.9072164948453609,1.237113402061856,0.8304215734498422,1.025468778120426,0.5157894736842106,0.19,0.25901976197957993
llama,rah_maxmin,1,1.4583333333333333,1.2083333333333333,1.7083333333333333,0.8504672897196262,0.719626168224299,0.9813084112149533,0.6176470588235295,0.5073529411764707,0.7279411764705883,0.5052631578947369,0.3894736842105263,0.631578947368421,1.1370967741935483,1.032258064516129,1.2340725806451602,1.1134020618556701,0.9381443298969073,1.288659793814433,0.8288962510729821,0.9470349459700739,0.5052631578947369,0.17,0.26237567951281865
llama,rah_proxy,1,1.5416666666666667,1.2916666666666667,1.7916666666666667,0.9345794392523364,0.8037383177570093,1.0654205607476634,0.6397058823529411,0.5294117647058824,0.7500000000000001,0.3684210526315789,0.2631578947368421,0.48421052631578954,1.185483870967742,1.088709677419355,1.282258064516129,1.175257731958763,1.0103092783505154,1.3402061855670104,0.8237843957061427,0.9741857739716714,0.3684210526315789,0.13,0.14494638393322629
llama,uniform,3,1.486111111111111,1.298611111111111,1.6736111111111114,0.8816199376947039,0.7601246105919002,1.0,0.6740196078431373,0.5759803921568627,0.7696691176470586,0.3754385964912281,0.29122807017543856,0.4631578947368421,1.2688172043010755,1.185483870967742,1.3521505376344085,1.1512027491408934,0.9965635738831615,1.3128006872852231,0.8218463570048448,0.9728682010970248,0.3754385964912281,0.16333333333333333,0.1778187473283874
llama,linear_patch,1,0.7291666666666666,0.5208333333333333,0.9375,0.4953271028037383,0.3831775700934579,0.6074766355140186,0.6176470588235295,0.5073529411764707,0.7279411764705883,0.12631578947368421,0.06315789473684211,0.2,1.3306451612903225,1.2419354838709677,1.4114919354838698,0.9072164948453609,0.752577319587629,1.0721649484536084,0.6459455187688299,0.7010530456505504,0.12631578947368421,0.04,0.35056249270836515
qwen,rah_no_transfer,1,0.7094017094017094,0.5982905982905983,0.8119658119658119,0.6337209302325582,0.5523255813953488,0.7093023255813954,0.6260869565217391,0.49565217391304345,0.7565217391304346,0.26804123711340205,0.17500000000000004,0.3711340206185567,1.0205479452054795,0.9383561643835617,1.1027397260273974,0.6914285714285714,0.6,0.7885714285714286,0.6547799007829966,0.6582045583172432,0.26804123711340205,0.06,0.2402886364857356
qwen,rah_sum,3,0.7663817663817664,0.6752136752136751,0.8603988603988604,0.5775193798449613,0.5058139534883721,0.6492248062015503,0.6202898550724637,0.5101449275362318,0.7333333333333333,0.18556701030927836,0.12706185567010309,0.2508591065292096,0.9863013698630136,0.9086757990867581,1.0593607305936075,0.6838095238095236,0.5942857142857143,0.7695714285714284,0.6366448175468346,0.6366448175468346,0.18556701030927836,0.06333333333333334,0.24301093816757202
qwen,rah_no_scope,1,0.7692307692307692,0.6666666666666666,0.8717948717948718,0.5988372093023256,0.5174418604651163,0.6802325581395349,0.608695652173913,0.47826086956521735,0.7391304347826086,0.15463917525773196,0.08247422680412371,0.2371134020618557,0.9726027397260274,0.8835616438356165,1.0616438356164384,0.7028571428571427,0.6057142857142856,0.8057142857142856,0.634477114757985,0.634477114757985,0.15463917525773196,0.02,0.21474458555380507
qwen,rah_hyp,1,0.7521367521367521,0.6495726495726496,0.8461538461538461,0.5988372093023256,0.5174418604651163,0.6802325581395349,0.5826086956521739,0.46086956521739125,0.7130434782608694,0.16494845360824742,0.09278350515463918,0.24742268041237114,1.0410958904109588,0.958904109589041,1.1232876712328768,0.7028571428571427,0.6114285714285714,0.7999999999999999,0.6335647089261071,0.6404140239946002,0.16494845360824742,0.05,0.20342933535575866
qwen,rah_proxy,1,0.7435897435897435,0.641025641025641,0.8461538461538461,0.5581395348837209,0.4767441860465116,0.6395348837209303,0.6260869565217391,0.49565217391304345,0.7565217391304346,0.24742268041237114,0.16469072164948456,0.3402061855670103,0.9383561643835617,0.8493150684931507,1.0205479452054795,0.6685714285714286,0.5771428571428571,0.7714285714285714,0.6303610847270942,0.6303610847270942,0.24742268041237114,0.63,0.2510367650787036
qwen,uniform,3,0.7321937321937321,0.6381766381766382,0.8205840455840452,0.5387596899224806,0.46506782945736436,0.6085271317829457,0.5826086956521739,0.47246376811594193,0.6985507246376811,0.21305841924398622,0.14776632302405496,0.28522336769759443,0.961187214611872,0.8743721461187214,1.038812785388128,0.6704761904761903,0.5885714285714285,0.7562380952380948,0.6163806570167392,0.6163806570167392,0.21305841924398622,0.5933333333333333,0.2589984272585975
qwen,damage_prop,3,0.7264957264957265,0.6353276353276353,0.8148148148148149,0.5445736434108527,0.46899224806201556,0.616279069767442,0.5565217391304348,0.4463768115942029,0.6696376811594198,0.1924398625429553,0.13402061855670103,0.2577319587628866,1.0867579908675802,1.0159817351598173,1.1575342465753424,0.6571428571428571,0.5695238095238094,0.7467142857142853,0.6128623047871378,0.6273219699317345,0.1924398625429553,0.09333333333333334,0.2763872155878278
qwen,rah_maxmin,1,0.6837606837606838,0.5811965811965811,0.7863247863247862,0.3604651162790698,0.28488372093023256,0.43023255813953487,0.5652173913043478,0.4434782608695652,0.6869565217391304,0.26804123711340205,0.1752577319587629,0.3711340206185567,0.9794520547945206,0.8835616438356165,1.0616438356164384,0.7142857142857143,0.6171428571428571,0.8114285714285714,0.595203699589623,0.595203699589623,0.26804123711340205,0.56,0.2573648811380069
qwen,last_k_uniform,1,0.4358974358974359,0.3418803418803419,0.5299145299145299,0.2616279069767442,0.19767441860465118,0.3313953488372093,0.49565217391304345,0.38260869565217387,0.6173913043478261,0.061855670103092786,0.020618556701030927,0.1134020618556701,0.8767123287671234,0.7876712328767123,0.9657534246575342,0.6057142857142856,0.5141428571428571,0.7028571428571427,0.456243300228621,0.456243300228621,0.061855670103092786,0.71,0.46112314889828365
qwen,linear_patch,1,0.36752136752136755,0.27350427350427353,0.4615384615384615,0.1744186046511628,0.11627906976744187,0.23255813953488375,0.22608695652173913,0.14782608695652172,0.31304347826086953,0.07216494845360825,0.020618556701030927,0.12371134020618557,1.0410958904109588,0.958904109589041,1.1164383561643836,0.3771428571428571,0.29714285714285715,0.45714285714285713,0.3695557890484558,0.37640510411694894,0.07216494845360825,0.33,0.4451253484686216
smollm,rah_no_scope,1,0.9056603773584906,0.7924528301886793,1.009433962264151,0.9565217391304349,0.855072463768116,1.0507246376811594,0.7611940298507464,0.6492537313432836,0.8805970149253731,0.14285714285714285,0.06493506493506494,0.23376623376623376,1.060810810810811,0.9864864864864865,1.135135135135135,0.9296874999999999,0.796875,1.0624999999999998,0.7826534648661357,0.7927886000012708,0.14285714285714285,0.21,0.2662333784500758
smollm,rah_capped,3,0.9622641509433963,0.8584905660377359,1.0597484276729559,0.9323671497584541,0.8477657004830917,1.0217391304347827,0.7860696517412934,0.6840796019900497,0.8905472636815921,0.09523809523809523,0.05194805194805194,0.14285714285714285,0.9144144144144145,0.8333333333333334,0.9932432432432432,0.9687499999999998,0.8385416666666666,1.091145833333333,0.7765172436826089,0.7765172436826089,0.09523809523809523,0.07666666666666667,0.20705410172541938
smollm,rah_hyp,1,0.8867924528301887,0.7827830188679246,1.0,0.9710144927536233,0.8768115942028986,1.065217391304348,0.7985074626865672,0.6791044776119404,0.917910447761194,0.09090909090909091,0.025974025974025972,0.15584415584415584,1.060810810810811,0.9864864864864865,1.1418918918918919,0.8984375,0.7656249999999999,1.0390625,0.7742768331965784,0.7844119683317136,0.09090909090909091,0.26,0.23452254116535187
smollm,uniform,3,0.8962264150943395,0.7955974842767296,0.9937893081761003,0.9323671497584544,0.8381642512077295,1.0265700483091786,0.7014925373134329,0.6019278606965173,0.8084577114427861,0.14718614718614717,0.08658008658008658,0.2121212121212121,1.0405405405405406,0.9662162162162162,1.1103603603603602,0.9609374999999999,0.8385416666666665,1.0885416666666665,0.7730349582253956,0.7797917149821525,0.14718614718614717,0.21333333333333335,0.2014229620496432
smollm,rah_sum,3,0.8805031446540881,0.7797955974842765,0.9874213836477986,0.9565217391304349,0.8647342995169083,1.0434782608695652,0.7786069651741293,0.6715796019900497,0.8805970149253731,0.09956709956709955,0.047619047619047616,0.15584415584415584,1.0563063063063063,0.9819819819819818,1.126126126126126,0.9140625,0.7942708333333331,1.0338541666666665,0.7715435747542919,0.7809279591386763,0.09956709956709955,0.19333333333333333,0.25789780245886906
smollm,rah_no_transfer,1,0.8962264150943395,0.7830188679245284,1.0002358490566026,0.9420289855072465,0.8478260869565217,1.036231884057971,0.7164179104477613,0.5970149253731344,0.8358208955223881,0.07792207792207792,0.025974025974025972,0.14285714285714285,1.0202702702702704,0.9391891891891891,1.0945945945945947,0.9765625,0.8437499999999999,1.1171875,0.7681929814952375,0.7715713598736159,0.07792207792207792,0.18,0.20821451286474865
smollm,damage_prop,3,0.8710691823899372,0.7735849056603773,0.9716981132075472,0.9227053140096619,0.8332729468599033,1.0120772946859904,0.6791044776119404,0.5795398009950248,0.7786069651741293,0.14285714285714285,0.0909090909090909,0.1991341991341991,1.0427927927927927,0.9684684684684685,1.1126126126126128,0.9635416666666667,0.8384765624999998,1.0859375,0.7632129639225581,0.7703450960546903,0.14285714285714285,0.19000000000000003,0.20818491912550396
smollm,rah_proxy,1,0.8867924528301887,0.7735849056603773,1.0,0.8985507246376813,0.8043478260869567,1.0,0.7388059701492538,0.6194029850746269,0.8656716417910448,0.12987012987012989,0.051948051948051945,0.20779220779220778,1.0472972972972974,0.9662162162162162,1.1217905405405395,0.9062499999999999,0.7734375,1.03125,0.7600448795812088,0.7679277624640917,0.12987012987012989,0.23,0.23299231429894768
smollm,rah_maxmin,1,0.7735849056603773,0.660377358490566,0.8775943396226402,0.8985507246376813,0.8043478260869567,1.0,0.664179104477612,0.5522388059701493,0.7763059701492527,0.2207792207792208,0.12987012987012989,0.3246753246753247,1.027027027027027,0.9459459459459459,1.1081081081081081,0.9453124999999999,0.8046874999999999,1.078125,0.7504010759258152,0.7549055804303197,0.2207792207792208,0.24,0.24060734987258914
smollm,last_k_uniform,1,0.5188679245283019,0.41509433962264153,0.6320754716981132,0.47826086956521746,0.3840579710144928,0.5724637681159421,0.5522388059701493,0.44776119402985076,0.664179104477612,0.06493506493506494,0.012987012987012986,0.12987012987012989,1.0135135135135136,0.9324324324324323,1.0945945945945947,0.9140625,0.7890625,1.046875,0.5880608608331223,0.5903131130853745,0.06493506493506494,0.32,0.13938748270273207
smollm,linear_patch,1,0.2641509433962264,0.17924528301886794,0.3492924528301874,0.34057971014492755,0.2536231884057971,0.427536231884058,0.5671641791044777,0.45522388059701496,0.6791044776119404,0.07792207792207792,0.025974025974025972,0.14285714285714285,0.7972972972972973,0.7094594594594595,0.8851351351351352,0.9140625,0.7890625,1.046875,0.4935294513108344,0.4935294513108344,0.07792207792207792,0.25,0.2894140152136485
olmo,damage_prop,3,0.8370370370370371,0.7148148148148148,0.9629629629629629,0.9876543209876543,0.867283950617284,1.1080246913580247,0.728119180633147,0.6424581005586593,0.8119180633147113,0.31451612903225806,0.23387096774193547,0.3870967741935484,0.9627450980392156,0.9039215686274511,1.0215686274509803,0.7993827160493825,0.6727623456790124,0.941358024691358,0.7715757469631157,0.7715757469631157,0.31451612903225806,0.11666666666666665,0.2649631630049812
olmo,rah_hyp,1,0.7777777777777778,0.6444444444444445,0.9111111111111111,1.027777777777778,0.898148148148148,1.1574074074074074,0.6424581005586593,0.553072625698324,0.726396648044692,0.3709677419354839,0.2741935483870968,0.46774193548387094,0.9705882352941176,0.9058823529411765,1.0294117647058825,0.8611111111111112,0.7222222222222223,1.0094907407407396,0.770483827779525,0.7751134574091546,0.3709677419354839,0.16,0.22717409571011862
olmo,rah_capped,3,0.7777777777777778,0.6555555555555556,0.9000000000000001,0.9814814814814815,0.8580246913580247,1.0987654320987652,0.6573556797020483,0.573510242085661,0.7411545623836125,0.3548387096774194,0.2741935483870968,0.435483870967742,0.9764705882352941,0.9156862745098041,1.035294117647059,0.8333333333333334,0.697530864197531,0.9783950617283951,0.7635429283678925,0.7635429283678925,0.3548387096774194,0.1566666666666667,0.2338275800479783
olmo,rah_sum,3,0.774074074074074,0.6481481481481481,0.9000000000000001,0.9722222222222222,0.8518518518518519,1.089506172839506,0.670391061452514,0.590316573556797,0.7523277467411544,0.2876344086021505,0.21498655913978496,0.3629032258064516,0.9745098039215688,0.9136764705882352,1.0333333333333332,0.8302469135802469,0.7067129629629627,0.9722222222222222,0.7515130806421294,0.7515130806421294,0.2876344086021505,0.15,0.31568692879544363
olmo,rah_no_transfer,1,0.7777777777777778,0.6444444444444445,0.9113888888888874,0.9629629629629629,0.8240740740740741,1.0925925925925926,0.6983240223463687,0.6033519553072625,0.7877094972067038,0.29838709677419356,0.20967741935483872,0.3870967741935484,0.9764705882352941,0.9176470588235295,1.035294117647059,0.7777777777777779,0.638888888888889,0.9259259259259259,0.7486167043123958,0.7486167043123958,0.29838709677419356,0.16,0.322084248761336
olmo,rah_proxy,1,0.7555555555555555,0.6222222222222222,0.888888888888889,0.9722222222222222,0.8425925925925926,1.0925925925925926,0.670391061452514,0.5810055865921788,0.7599162011173176,0.25,0.1693548387096774,0.33064516129032256,0.9588235294117646,0.9,1.017794117647058,0.8703703703703705,0.7314814814814814,1.0185185185185184,0.7462271231687377,0.7462271231687377,0.25,0.17,0.23733762820561724
olmo,rah_no_scope,1,0.7888888888888889,0.6555555555555556,0.9222222222222223,0.9444444444444444,0.8240740740740741,1.0650462962962948,0.6480446927374302,0.5586592178770949,0.7374301675977654,0.2741935483870968,0.1935483870967742,0.3629032258064516,0.9705882352941176,0.9058823529411765,1.0294117647058825,0.8055555555555556,0.6666666666666666,0.9537037037037037,0.7386192275512556,0.7386192275512556,0.2741935483870968,0.16,0.30876145035028457
olmo,uniform,3,0.7740740740740741,0.6480555555555555,0.9000000000000001,0.9691358024691357,0.8487654320987652,1.089506172839506,0.7113594040968342,0.6256983240223464,0.7951582867783984,0.21236559139784944,0.15053763440860213,0.2741935483870968,0.9588235294117646,0.8980392156862745,1.019607843137255,0.8055555555555556,0.6697530864197531,0.947530864197531,0.7385523261675355,0.7385523261675355,0.21236559139784944,0.15666666666666665,0.25689355903201627
olmo,last_k_uniform,1,0.7222222222222223,0.5888888888888889,0.8555555555555555,0.6944444444444444,0.5740740740740741,0.8240740740740741,0.6927374301675977,0.5921787709497207,0.7822625698324015,0.1693548387096774,0.10483870967741936,0.24193548387096772,0.9941176470588236,0.9294117647058824,1.0529411764705883,0.8425925925925927,0.7129629629629629,0.9907407407407408,0.6859115291992265,0.6859115291992265,0.1693548387096774,0.11,0.16718973418076835
olmo,linear_patch,1,0.6777777777777778,0.5444444444444445,0.8111111111111112,0.45370370370370366,0.35185185185185186,0.5648148148148148,0.7318435754189944,0.6368715083798883,0.8268156424581006,0.08870967741935484,0.040322580645161296,0.1372983870967731,0.9823529411764705,0.9176470588235295,1.0411764705882354,0.7314814814814814,0.5925925925925927,0.8796296296296297,0.6109781928296304,0.6109781928296304,0.08870967741935484,0.06,0.2627684772014618
olmo,rah_maxmin,1,0.5666666666666668,0.43333333333333335,0.7,0.3148148148148148,0.2222222222222222,0.41666666666666663,0.7653631284916201,0.670391061452514,0.8603351955307262,0.3709677419354839,0.2741935483870968,0.46774193548387094,0.8882352941176471,0.8176470588235294,0.9588235294117646,0.7500000000000001,0.6111111111111112,0.8981481481481481,0.6093412743377055,0.6093412743377055,0.3148148148148148,0.03,0.18948479970296225
